{"cameraMode":{"drawMode":0,"name":"Shaded","section":"Shading Mode"},"sceneLighting":false,"audioPlay":false,"sceneViewState":{"showFog":true,"showMaterialUpdate":false,"showSkybox":true,"showFlares":true,"showImageEffects":true,"showParticleSystems":true},"in2DMode":false,"pivot":{"x":5.302849292755127,"y":-1.7313232421875,"z":-2.2844841480255129},"rotation":{"x":0.22498108446598054,"y":0.755486249923706,"z":-0.3255004584789276,"w":0.5222011804580689},"size":53.794429779052737,"orthographic":false}